batter,total_runs,balls_faced,strike_rate
PD Salt,653,385,169.6103896103896
T Stubbs,405,239,169.4560669456067
TM Head,772,458,168.5589519650655
AD Russell,2488,1515,164.22442244224422
H Klaasen,993,613,161.99021207177816
TH David,659,417,158.0335731414868
SP Narine,1534,984,155.8943089430894
Shashank Singh,423,272,155.51470588235296
N Pooran,1769,1143,154.7681539807524
LS Livingstone,939,609,154.1871921182266
